[{"model": "admin.logentry", "pk": 1, "fields": {"action_time": "2025-04-08T09:26:00.913Z", "user": 2, "content_type": 3, "object_id": "1", "object_repr": "Administrateur", "action_flag": 1, "change_message": "[{\"added\": {}}]"}}, {"model": "admin.logentry", "pk": 2, "fields": {"action_time": "2025-04-08T09:38:12.830Z", "user": 2, "content_type": 3, "object_id": "1", "object_repr": "Administrateur", "action_flag": 2, "change_message": "[{\"changed\": {\"fields\": [\"Permissions\"]}}]"}}, {"model": "admin.logentry", "pk": 3, "fields": {"action_time": "2025-04-08T09:47:11.753Z", "user": 2, "content_type": 3, "object_id": "2", "object_repr": "Utilisateur", "action_flag": 1, "change_message": "[{\"added\": {}}]"}}, {"model": "admin.logentry", "pk": 4, "fields": {"action_time": "2025-04-08T09:49:46.579Z", "user": 2, "content_type": 3, "object_id": "3", "object_repr": "comptable", "action_flag": 1, "change_message": "[{\"added\": {}}]"}}, {"model": "admin.logentry", "pk": 5, "fields": {"action_time": "2025-04-08T09:51:46.146Z", "user": 2, "content_type": 3, "object_id": "4", "object_repr": "Gestionnaire", "action_flag": 1, "change_message": "[{\"added\": {}}]"}}, {"model": "admin.logentry", "pk": 6, "fields": {"action_time": "2025-04-08T10:08:08.618Z", "user": 2, "content_type": 6, "object_id": "2", "object_repr": "saliosmans", "action_flag": 2, "change_message": "[{\"changed\": {\"fields\": [\"Groups\"]}}]"}}, {"model": "admin.logentry", "pk": 7, "fields": {"action_time": "2025-04-08T10:08:25.926Z", "user": 2, "content_type": 6, "object_id": "1", "object_repr": "mans", "action_flag": 2, "change_message": "[]"}}, {"model": "admin.logentry", "pk": 8, "fields": {"action_time": "2025-04-12T10:08:15.338Z", "user": 3, "content_type": 6, "object_id": "1", "object_repr": "mans", "action_flag": 2, "change_message": "[{\"changed\": {\"fields\": [\"Is staff\", \"Superuser status\", \"Groups\"]}}]"}}, {"model": "auth.permission", "pk": 1, "fields": {"name": "Can add log entry", "content_type": 1, "codename": "add_logentry"}}, {"model": "auth.permission", "pk": 2, "fields": {"name": "Can change log entry", "content_type": 1, "codename": "change_logentry"}}, {"model": "auth.permission", "pk": 3, "fields": {"name": "Can delete log entry", "content_type": 1, "codename": "delete_logentry"}}, {"model": "auth.permission", "pk": 4, "fields": {"name": "Can view log entry", "content_type": 1, "codename": "view_logentry"}}, {"model": "auth.permission", "pk": 5, "fields": {"name": "Can add permission", "content_type": 2, "codename": "add_permission"}}, {"model": "auth.permission", "pk": 6, "fields": {"name": "Can change permission", "content_type": 2, "codename": "change_permission"}}, {"model": "auth.permission", "pk": 7, "fields": {"name": "Can delete permission", "content_type": 2, "codename": "delete_permission"}}, {"model": "auth.permission", "pk": 8, "fields": {"name": "Can view permission", "content_type": 2, "codename": "view_permission"}}, {"model": "auth.permission", "pk": 9, "fields": {"name": "Can add group", "content_type": 3, "codename": "add_group"}}, {"model": "auth.permission", "pk": 10, "fields": {"name": "Can change group", "content_type": 3, "codename": "change_group"}}, {"model": "auth.permission", "pk": 11, "fields": {"name": "Can delete group", "content_type": 3, "codename": "delete_group"}}, {"model": "auth.permission", "pk": 12, "fields": {"name": "Can view group", "content_type": 3, "codename": "view_group"}}, {"model": "auth.permission", "pk": 13, "fields": {"name": "Can add content type", "content_type": 4, "codename": "add_contenttype"}}, {"model": "auth.permission", "pk": 14, "fields": {"name": "Can change content type", "content_type": 4, "codename": "change_contenttype"}}, {"model": "auth.permission", "pk": 15, "fields": {"name": "Can delete content type", "content_type": 4, "codename": "delete_contenttype"}}, {"model": "auth.permission", "pk": 16, "fields": {"name": "Can view content type", "content_type": 4, "codename": "view_contenttype"}}, {"model": "auth.permission", "pk": 17, "fields": {"name": "Can add session", "content_type": 5, "codename": "add_session"}}, {"model": "auth.permission", "pk": 18, "fields": {"name": "Can change session", "content_type": 5, "codename": "change_session"}}, {"model": "auth.permission", "pk": 19, "fields": {"name": "Can delete session", "content_type": 5, "codename": "delete_session"}}, {"model": "auth.permission", "pk": 20, "fields": {"name": "Can view session", "content_type": 5, "codename": "view_session"}}, {"model": "auth.permission", "pk": 21, "fields": {"name": "Can add custom user", "content_type": 6, "codename": "add_customuser"}}, {"model": "auth.permission", "pk": 22, "fields": {"name": "Can change custom user", "content_type": 6, "codename": "change_customuser"}}, {"model": "auth.permission", "pk": 23, "fields": {"name": "Can delete custom user", "content_type": 6, "codename": "delete_customuser"}}, {"model": "auth.permission", "pk": 24, "fields": {"name": "Can view custom user", "content_type": 6, "codename": "view_customuser"}}, {"model": "auth.permission", "pk": 25, "fields": {"name": "Can add categorie", "content_type": 7, "codename": "add_categorie"}}, {"model": "auth.permission", "pk": 26, "fields": {"name": "Can change categorie", "content_type": 7, "codename": "change_categorie"}}, {"model": "auth.permission", "pk": 27, "fields": {"name": "Can delete categorie", "content_type": 7, "codename": "delete_categorie"}}, {"model": "auth.permission", "pk": 28, "fields": {"name": "Can view categorie", "content_type": 7, "codename": "view_categorie"}}, {"model": "auth.permission", "pk": 29, "fields": {"name": "Can add client", "content_type": 8, "codename": "add_client"}}, {"model": "auth.permission", "pk": 30, "fields": {"name": "Can change client", "content_type": 8, "codename": "change_client"}}, {"model": "auth.permission", "pk": 31, "fields": {"name": "Can delete client", "content_type": 8, "codename": "delete_client"}}, {"model": "auth.permission", "pk": 32, "fields": {"name": "Can view client", "content_type": 8, "codename": "view_client"}}, {"model": "auth.permission", "pk": 33, "fields": {"name": "Can add fournisseur", "content_type": 9, "codename": "add_fournisseur"}}, {"model": "auth.permission", "pk": 34, "fields": {"name": "Can change fournisseur", "content_type": 9, "codename": "change_fournisseur"}}, {"model": "auth.permission", "pk": 35, "fields": {"name": "Can delete fournisseur", "content_type": 9, "codename": "delete_fournisseur"}}, {"model": "auth.permission", "pk": 36, "fields": {"name": "Can view fournisseur", "content_type": 9, "codename": "view_fournisseur"}}, {"model": "auth.permission", "pk": 37, "fields": {"name": "Can add societe", "content_type": 10, "codename": "add_societe"}}, {"model": "auth.permission", "pk": 38, "fields": {"name": "Can change societe", "content_type": 10, "codename": "change_societe"}}, {"model": "auth.permission", "pk": 39, "fields": {"name": "Can delete societe", "content_type": 10, "codename": "delete_societe"}}, {"model": "auth.permission", "pk": 40, "fields": {"name": "Can view societe", "content_type": 10, "codename": "view_societe"}}, {"model": "auth.permission", "pk": 41, "fields": {"name": "Can add commande", "content_type": 11, "codename": "add_commande"}}, {"model": "auth.permission", "pk": 42, "fields": {"name": "Can change commande", "content_type": 11, "codename": "change_commande"}}, {"model": "auth.permission", "pk": 43, "fields": {"name": "Can delete commande", "content_type": 11, "codename": "delete_commande"}}, {"model": "auth.permission", "pk": 44, "fields": {"name": "Can view commande", "content_type": 11, "codename": "view_commande"}}, {"model": "auth.permission", "pk": 45, "fields": {"name": "Can add livraison", "content_type": 12, "codename": "add_livraison"}}, {"model": "auth.permission", "pk": 46, "fields": {"name": "Can change livraison", "content_type": 12, "codename": "change_livraison"}}, {"model": "auth.permission", "pk": 47, "fields": {"name": "Can delete livraison", "content_type": 12, "codename": "delete_livraison"}}, {"model": "auth.permission", "pk": 48, "fields": {"name": "Can view livraison", "content_type": 12, "codename": "view_livraison"}}, {"model": "auth.permission", "pk": 49, "fields": {"name": "Can add produit", "content_type": 13, "codename": "add_produit"}}, {"model": "auth.permission", "pk": 50, "fields": {"name": "Can change produit", "content_type": 13, "codename": "change_produit"}}, {"model": "auth.permission", "pk": 51, "fields": {"name": "Can delete produit", "content_type": 13, "codename": "delete_produit"}}, {"model": "auth.permission", "pk": 52, "fields": {"name": "Can view produit", "content_type": 13, "codename": "view_produit"}}, {"model": "auth.permission", "pk": 53, "fields": {"name": "Can add livraison produit", "content_type": 14, "codename": "add_livraisonproduit"}}, {"model": "auth.permission", "pk": 54, "fields": {"name": "Can change livraison produit", "content_type": 14, "codename": "change_livraisonproduit"}}, {"model": "auth.permission", "pk": 55, "fields": {"name": "Can delete livraison produit", "content_type": 14, "codename": "delete_livraisonproduit"}}, {"model": "auth.permission", "pk": 56, "fields": {"name": "Can view livraison produit", "content_type": 14, "codename": "view_livraisonproduit"}}, {"model": "auth.permission", "pk": 57, "fields": {"name": "Can add commande produit", "content_type": 15, "codename": "add_commandeproduit"}}, {"model": "auth.permission", "pk": 58, "fields": {"name": "Can change commande produit", "content_type": 15, "codename": "change_commandeproduit"}}, {"model": "auth.permission", "pk": 59, "fields": {"name": "Can delete commande produit", "content_type": 15, "codename": "delete_commandeproduit"}}, {"model": "auth.permission", "pk": 60, "fields": {"name": "Can view commande produit", "content_type": 15, "codename": "view_commandeproduit"}}, {"model": "auth.permission", "pk": 61, "fields": {"name": "Can add categorie_ depense", "content_type": 16, "codename": "add_categorie_depense"}}, {"model": "auth.permission", "pk": 62, "fields": {"name": "Can change categorie_ depense", "content_type": 16, "codename": "change_categorie_depense"}}, {"model": "auth.permission", "pk": 63, "fields": {"name": "Can delete categorie_ depense", "content_type": 16, "codename": "delete_categorie_depense"}}, {"model": "auth.permission", "pk": 64, "fields": {"name": "Can view categorie_ depense", "content_type": 16, "codename": "view_categorie_depense"}}, {"model": "auth.permission", "pk": 65, "fields": {"name": "Can add depense", "content_type": 17, "codename": "add_depense"}}, {"model": "auth.permission", "pk": 66, "fields": {"name": "Can change depense", "content_type": 17, "codename": "change_depense"}}, {"model": "auth.permission", "pk": 67, "fields": {"name": "Can delete depense", "content_type": 17, "codename": "delete_depense"}}, {"model": "auth.permission", "pk": 68, "fields": {"name": "Can view depense", "content_type": 17, "codename": "view_depense"}}, {"model": "auth.permission", "pk": 69, "fields": {"name": "Can add pret client", "content_type": 18, "codename": "add_pretclient"}}, {"model": "auth.permission", "pk": 70, "fields": {"name": "Can change pret client", "content_type": 18, "codename": "change_pretclient"}}, {"model": "auth.permission", "pk": 71, "fields": {"name": "Can delete pret client", "content_type": 18, "codename": "delete_pretclient"}}, {"model": "auth.permission", "pk": 72, "fields": {"name": "Can view pret client", "content_type": 18, "codename": "view_pretclient"}}, {"model": "auth.permission", "pk": 73, "fields": {"name": "Can add versement client", "content_type": 19, "codename": "add_versementclient"}}, {"model": "auth.permission", "pk": 74, "fields": {"name": "Can change versement client", "content_type": 19, "codename": "change_versementclient"}}, {"model": "auth.permission", "pk": 75, "fields": {"name": "Can delete versement client", "content_type": 19, "codename": "delete_versementclient"}}, {"model": "auth.permission", "pk": 76, "fields": {"name": "Can view versement client", "content_type": 19, "codename": "view_versementclient"}}, {"model": "auth.permission", "pk": 77, "fields": {"name": "Can add dette fournisseur", "content_type": 20, "codename": "add_dettefournisseur"}}, {"model": "auth.permission", "pk": 78, "fields": {"name": "Can change dette fournisseur", "content_type": 20, "codename": "change_dettefournisseur"}}, {"model": "auth.permission", "pk": 79, "fields": {"name": "Can delete dette fournisseur", "content_type": 20, "codename": "delete_dettefournisseur"}}, {"model": "auth.permission", "pk": 80, "fields": {"name": "Can view dette fournisseur", "content_type": 20, "codename": "view_dettefournisseur"}}, {"model": "auth.permission", "pk": 81, "fields": {"name": "Can add versement fournisseur", "content_type": 21, "codename": "add_versementfournisseur"}}, {"model": "auth.permission", "pk": 82, "fields": {"name": "Can change versement fournisseur", "content_type": 21, "codename": "change_versementfournisseur"}}, {"model": "auth.permission", "pk": 83, "fields": {"name": "Can delete versement fournisseur", "content_type": 21, "codename": "delete_versementfournisseur"}}, {"model": "auth.permission", "pk": 84, "fields": {"name": "Can view versement fournisseur", "content_type": 21, "codename": "view_versementfournisseur"}}, {"model": "auth.permission", "pk": 85, "fields": {"name": "Can add versement gerant", "content_type": 22, "codename": "add_versementgerant"}}, {"model": "auth.permission", "pk": 86, "fields": {"name": "Can change versement gerant", "content_type": 22, "codename": "change_versementgerant"}}, {"model": "auth.permission", "pk": 87, "fields": {"name": "Can delete versement gerant", "content_type": 22, "codename": "delete_versementgerant"}}, {"model": "auth.permission", "pk": 88, "fields": {"name": "Can view versement gerant", "content_type": 22, "codename": "view_versementgerant"}}, {"model": "auth.group", "pk": 1, "fields": {"name": "Administrateur", "permissions": [21, 22, 23, 24]}}, {"model": "auth.group", "pk": 2, "fields": {"name": "Utilisateur", "permissions": [22, 24]}}, {"model": "auth.group", "pk": 3, "fields": {"name": "comptable", "permissions": [22, 24]}}, {"model": "auth.group", "pk": 4, "fields": {"name": "Gestionnaire", "permissions": [21, 22, 24]}}, {"model": "contenttypes.contenttype", "pk": 1, "fields": {"app_label": "admin", "model": "logentry"}}, {"model": "contenttypes.contenttype", "pk": 2, "fields": {"app_label": "auth", "model": "permission"}}, {"model": "contenttypes.contenttype", "pk": 3, "fields": {"app_label": "auth", "model": "group"}}, {"model": "contenttypes.contenttype", "pk": 4, "fields": {"app_label": "contenttypes", "model": "contenttype"}}, {"model": "contenttypes.contenttype", "pk": 5, "fields": {"app_label": "sessions", "model": "session"}}, {"model": "contenttypes.contenttype", "pk": 6, "fields": {"app_label": "accounts", "model": "customuser"}}, {"model": "contenttypes.contenttype", "pk": 7, "fields": {"app_label": "CommercialSoft", "model": "categorie"}}, {"model": "contenttypes.contenttype", "pk": 8, "fields": {"app_label": "CommercialSoft", "model": "client"}}, {"model": "contenttypes.contenttype", "pk": 9, "fields": {"app_label": "CommercialSoft", "model": "fournisseur"}}, {"model": "contenttypes.contenttype", "pk": 10, "fields": {"app_label": "CommercialSoft", "model": "societe"}}, {"model": "contenttypes.contenttype", "pk": 11, "fields": {"app_label": "CommercialSoft", "model": "commande"}}, {"model": "contenttypes.contenttype", "pk": 12, "fields": {"app_label": "CommercialSoft", "model": "livraison"}}, {"model": "contenttypes.contenttype", "pk": 13, "fields": {"app_label": "CommercialSoft", "model": "produit"}}, {"model": "contenttypes.contenttype", "pk": 14, "fields": {"app_label": "CommercialSoft", "model": "livraisonproduit"}}, {"model": "contenttypes.contenttype", "pk": 15, "fields": {"app_label": "CommercialSoft", "model": "commandeproduit"}}, {"model": "contenttypes.contenttype", "pk": 16, "fields": {"app_label": "CommercialSoft", "model": "categorie_depense"}}, {"model": "contenttypes.contenttype", "pk": 17, "fields": {"app_label": "CommercialSoft", "model": "depense"}}, {"model": "contenttypes.contenttype", "pk": 18, "fields": {"app_label": "CommercialSoft", "model": "pretclient"}}, {"model": "contenttypes.contenttype", "pk": 19, "fields": {"app_label": "CommercialSoft", "model": "versementclient"}}, {"model": "contenttypes.contenttype", "pk": 20, "fields": {"app_label": "CommercialSoft", "model": "dettefournisseur"}}, {"model": "contenttypes.contenttype", "pk": 21, "fields": {"app_label": "CommercialSoft", "model": "versementfournisseur"}}, {"model": "contenttypes.contenttype", "pk": 22, "fields": {"app_label": "CommercialSoft", "model": "versementgerant"}}, {"model": "sessions.session", "pk": "0091pfrosjzt4lrr0sre7v9mwol4owz3", "fields": {"session_data": ".eJxVjEEOwiAQRe_C2pBCB6Eu3fcMZIaZStVAUtqV8e7apAvd_vfef6mI25rj1mSJM6uLMur0uxGmh5Qd8B3LrepUy7rMpHdFH7TpsbI8r4f7d5Cx5W8tJGzBGiEHHRFakE6cn4L0ZAciGfBsXCJAnoBM8IEdUAoiyQffO_X-ABDgOPA:1u9Lq7:HpmgKGGEEMBCcft0ulCxJRnvUi_EkWf1jP5CuTAID7k", "expire_date": "2025-05-12T10:35:55.095Z"}}, {"model": "sessions.session", "pk": "eqc68wbmlmfl179wosshgzzbd223p7tx", "fields": {"session_data": ".eJxVjEEOwiAQRe_C2pBCB6Eu3fcMZIaZStVAUtqV8e7apAvd_vfef6mI25rj1mSJM6uLMur0uxGmh5Qd8B3LrepUy7rMpHdFH7TpsbI8r4f7d5Cx5W8tJGzBGiEHHRFakE6cn4L0ZAciGfBsXCJAnoBM8IEdUAoiyQffO_X-ABDgOPA:1uGiT4:Mbf4OwwREClee6-7JalI5vvuuq4fuvQtfDh-phpl2yE", "expire_date": "2025-06-01T18:10:34.031Z"}}, {"model": "sessions.session", "pk": "idepaooydhxnm8q9ikqctxormtkbesup", "fields": {"session_data": ".eJxVjEEOwiAQRe_C2pBCB6Eu3fcMZIaZStVAUtqV8e7apAvd_vfef6mI25rj1mSJM6uLMur0uxGmh5Qd8B3LrepUy7rMpHdFH7TpsbI8r4f7d5Cx5W8tJGzBGiEHHRFakE6cn4L0ZAciGfBsXCJAnoBM8IEdUAoiyQffO_X-ABDgOPA:1uGmE4:Wg-Bj7F6gKdVfAXyY-Hq9yZYSg-d23Ym3cbF4Qll4l0", "expire_date": "2025-06-01T22:11:20.175Z"}}, {"model": "sessions.session", "pk": "ot79myemotllfnybad21sgq3n8o2oad7", "fields": {"session_data": ".eJxVjEEOwiAQRe_C2pBCB6Eu3fcMZIaZStVAUtqV8e7apAvd_vfef6mI25rj1mSJM6uLMur0uxGmh5Qd8B3LrepUy7rMpHdFH7TpsbI8r4f7d5Cx5W8tJGzBGiEHHRFakE6cn4L0ZAciGfBsXCJAnoBM8IEdUAoiyQffO_X-ABDgOPA:1uGYg5:VDeKrvlKlPRdSdP7Qlk60nbnjJ5S2QcNzITOBThdWqU", "expire_date": "2025-06-01T07:43:21.996Z"}}, {"model": "sessions.session", "pk": "u8gc17aknvtu6ete1u2pvppillqc8izq", "fields": {"session_data": ".eJxVjEEOwiAQRe_C2pBCB6Eu3fcMZIaZStVAUtqV8e7apAvd_vfef6mI25rj1mSJM6uLMur0uxGmh5Qd8B3LrepUy7rMpHdFH7TpsbI8r4f7d5Cx5W8tJGzBGiEHHRFakE6cn4L0ZAciGfBsXCJAnoBM8IEdUAoiyQffO_X-ABDgOPA:1u9L3t:7vcl8cS6OHizkC2Z4P2VFjsoD85Et8zIF9orkbHdUBQ", "expire_date": "2025-05-12T09:46:05.651Z"}}, {"model": "sessions.session", "pk": "xjfmpugmjxzcs0w9wifseeg8kpjgp7l2", "fields": {"session_data": ".eJxVjEEOwiAQRe_C2pBCB6Eu3fcMZIaZStVAUtqV8e7apAvd_vfef6mI25rj1mSJM6uLMur0uxGmh5Qd8B3LrepUy7rMpHdFH7TpsbI8r4f7d5Cx5W8tJGzBGiEHHRFakE6cn4L0ZAciGfBsXCJAnoBM8IEdUAoiyQffO_X-ABDgOPA:1uGmEc:_lC-FiodbmWoM20Hpl41F4m3YudKF1pnIWm_anfs9vQ", "expire_date": "2025-06-01T22:11:54.512Z"}}, {"model": "accounts.customuser", "pk": 1, "fields": {"password": "pbkdf2_sha256$870000$jb19bU3iKoiaZglYh6ZAxz$AzEjHrM2DWaBNz8JfICvZKO9Q8mPiOpFPSxwHicRERU=", "last_login": "2025-05-18T22:11:54.489Z", "is_superuser": true, "username": "mans", "first_name": "Saliou", "last_name": "Mansare", "is_active": true, "is_staff": true, "date_joined": "2025-04-07T12:31:27.295Z", "groups": [1], "user_permissions": []}}, {"model": "accounts.customuser", "pk": 2, "fields": {"password": "pbkdf2_sha256$870000$6WGH2nHCziQW16VP9rAe1L$7+rdoX2ULxR5kmykVAZhKyBMmBoCy4DtZ/rAOmG4RNo=", "last_login": "2025-04-08T10:09:42.885Z", "is_superuser": true, "username": "saliosmans", "first_name": "", "last_name": "", "is_active": true, "is_staff": true, "date_joined": "2025-04-08T09:24:25.666Z", "groups": [1], "user_permissions": []}}, {"model": "accounts.customuser", "pk": 3, "fields": {"password": "pbkdf2_sha256$870000$hVcB07hEzKH14J9lCeklLr$flyzmhZwqjG9r28l/MVNKdytQS4CHkb4f60snN33mTs=", "last_login": "2025-04-12T10:07:12.594Z", "is_superuser": true, "username": "saliou", "first_name": "", "last_name": "", "is_active": true, "is_staff": true, "date_joined": "2025-04-12T10:06:01.692Z", "groups": [], "user_permissions": []}}, {"model": "accounts.customuser", "pk": 4, "fields": {"password": "pbkdf2_sha256$870000$9JRqRC1yFRrykjTK72OZ00$2mWw2o1/7vDh2cjxLlPswjcsQNNVxBi4Kpfgc+raejU=", "last_login": null, "is_superuser": true, "username": "admin", "first_name": "", "last_name": "", "is_active": true, "is_staff": true, "date_joined": "2025-05-18T17:35:37.506Z", "groups": [], "user_permissions": []}}, {"model": "CommercialSoft.fournisseur", "pk": 4, "fields": {"nom": "GBEREDOU SOLAR", "adresse": "KANKAN", "telephone": "621145230"}}, {"model": "CommercialSoft.categorie", "pk": 1, "fields": {"nom": "Par defaut"}}, {"model": "CommercialSoft.produit", "pk": 1, "fields": {"codebare": "1KB", "categorie": 1, "libelle": "METRO 500", "quantite": 86, "prixAchat": 3000, "prixDetail": 5000, "prixEnGros": 7000, "date": "2025-04-11", "datePeremption": "2025-04-30", "seuil": 100, "commentaire": null, "quantiteTotal": 0}}, {"model": "CommercialSoft.produit", "pk": 2, "fields": {"codebare": "43", "categorie": 1, "libelle": "PHILCO METRO 500", "quantite": 189, "prixAchat": 7000, "prixDetail": 10000, "prixEnGros": 15000, "date": "2025-04-11", "datePeremption": "2025-04-11", "seuil": 0, "commentaire": null, "quantiteTotal": 0}}, {"model": "CommercialSoft.produit", "pk": 3, "fields": {"codebare": "1KBds", "categorie": 1, "libelle": "PARACETAMOL 500MG", "quantite": 495, "prixAchat": 2500, "prixDetail": 5000, "prixEnGros": 10000, "date": "2025-04-11", "datePeremption": "2025-04-11", "seuil": 0, "commentaire": null, "quantiteTotal": 0}}, {"model": "CommercialSoft.produit", "pk": 4, "fields": {"codebare": "DKK", "categorie": 1, "libelle": "QUININE SP", "quantite": 241, "prixAchat": 20000, "prixDetail": 25000, "prixEnGros": 30000, "date": "2025-04-11", "datePeremption": "2025-04-11", "seuil": 0, "commentaire": null, "quantiteTotal": 0}}, {"model": "CommercialSoft.produit", "pk": 5, "fields": {"codebare": null, "categorie": 1, "libelle": "CLE 10", "quantite": 9, "prixAchat": 10000, "prixDetail": 50000, "prixEnGros": 50000, "date": "2025-05-18", "datePeremption": "2025-05-18", "seuil": 0, "commentaire": null, "quantiteTotal": 0}}, {"model": "CommercialSoft.produit", "pk": 6, "fields": {"codebare": null, "categorie": 1, "libelle": "SUPPORT ECRAN 26 - 63", "quantite": 15, "prixAchat": 26325, "prixDetail": 60000, "prixEnGros": 50000, "date": "2025-05-18", "datePeremption": "2035-05-18", "seuil": 0, "commentaire": null, "quantiteTotal": 0}}, {"model": "CommercialSoft.produit", "pk": 7, "fields": {"codebare": "1", "categorie": 1, "libelle": "SUPPORT ECRAN 26  63", "quantite": 15, "prixAchat": 26325, "prixDetail": 60000, "prixEnGros": 50000, "date": "2025-05-18", "datePeremption": "2035-05-18", "seuil": 1, "commentaire": null, "quantiteTotal": 0}}, {"model": "CommercialSoft.produit", "pk": 8, "fields": {"codebare": null, "categorie": 1, "libelle": "DISQUETTE", "quantite": 57, "prixAchat": 7470, "prixDetail": 10000, "prixEnGros": 8500, "date": "2025-05-18", "datePeremption": "2029-05-18", "seuil": 0, "commentaire": null, "quantiteTotal": 0}}, {"model": "CommercialSoft.produit", "pk": 9, "fields": {"codebare": null, "categorie": 1, "libelle": "DISJONTEUR GARDY", "quantite": 25, "prixAchat": 55000, "prixDetail": 70000, "prixEnGros": 60000, "date": "2025-05-18", "datePeremption": "2035-05-18", "seuil": 0, "commentaire": null, "quantiteTotal": 0}}, {"model": "CommercialSoft.produit", "pk": 10, "fields": {"codebare": null, "categorie": 1, "libelle": "DOUILS SIMPLE", "quantite": 497, "prixAchat": 1150, "prixDetail": 2000, "prixEnGros": 1500, "date": "2025-05-18", "datePeremption": "2025-05-18", "seuil": 0, "commentaire": null, "quantiteTotal": 0}}, {"model": "CommercialSoft.produit", "pk": 11, "fields": {"codebare": null, "categorie": 1, "libelle": "RALONGE NOIR BLANC 5B", "quantite": 47, "prixAchat": 40000, "prixDetail": 50000, "prixEnGros": 45000, "date": "2025-05-18", "datePeremption": "2025-05-18", "seuil": 0, "commentaire": null, "quantiteTotal": 0}}, {"model": "CommercialSoft.produit", "pk": 12, "fields": {"codebare": null, "categorie": 1, "libelle": "RALONGE NOIR BLANC 4B", "quantite": 3, "prixAchat": 30000, "prixDetail": 40000, "prixEnGros": 35000, "date": "2025-05-18", "datePeremption": "2025-05-18", "seuil": 0, "commentaire": null, "quantiteTotal": 0}}, {"model": "CommercialSoft.produit", "pk": 13, "fields": {"codebare": null, "categorie": 1, "libelle": "PRISE CHINOIS", "quantite": 330, "prixAchat": 1875, "prixDetail": 5000, "prixEnGros": 2250, "date": "2025-05-18", "datePeremption": "2025-05-18", "seuil": 0, "commentaire": null, "quantiteTotal": 10}}, {"model": "CommercialSoft.produit", "pk": 14, "fields": {"codebare": null, "categorie": 1, "libelle": "PRISE DORE", "quantite": 50, "prixAchat": 8000, "prixDetail": 10000, "prixEnGros": 10000, "date": "2025-05-18", "datePeremption": "2025-05-18", "seuil": 0, "commentaire": null, "quantiteTotal": 0}}, {"model": "CommercialSoft.produit", "pk": 15, "fields": {"codebare": null, "categorie": 1, "libelle": "CONTACT SIMPLE DORE", "quantite": 90, "prixAchat": 8000, "prixDetail": 10000, "prixEnGros": 10000, "date": "2025-05-18", "datePeremption": "2025-05-18", "seuil": 0, "commentaire": null, "quantiteTotal": 0}}, {"model": "CommercialSoft.produit", "pk": 16, "fields": {"codebare": null, "categorie": 1, "libelle": "CONTACT DOUBLE DORE", "quantite": 20, "prixAchat": 8000, "prixDetail": 10000, "prixEnGros": 10000, "date": "2025-05-18", "datePeremption": "2025-05-18", "seuil": 0, "commentaire": null, "quantiteTotal": 0}}, {"model": "CommercialSoft.produit", "pk": 17, "fields": {"codebare": null, "categorie": 1, "libelle": "AMPOULE 220 40W", "quantite": 27, "prixAchat": 22000, "prixDetail": 40000, "prixEnGros": 35000, "date": "2025-05-18", "datePeremption": "2025-05-18", "seuil": 0, "commentaire": null, "quantiteTotal": 0}}, {"model": "CommercialSoft.produit", "pk": 18, "fields": {"codebare": null, "categorie": 1, "libelle": "CONTACT DOUBLE INGELECT", "quantite": 47, "prixAchat": 3250, "prixDetail": 5000, "prixEnGros": 4500, "date": "2025-05-18", "datePeremption": "2025-05-18", "seuil": 0, "commentaire": null, "quantiteTotal": 0}}, {"model": "CommercialSoft.produit", "pk": 19, "fields": {"codebare": null, "categorie": 1, "libelle": "THERMO PLAQUETTE", "quantite": 31, "prixAchat": 15000, "prixDetail": 25000, "prixEnGros": 20000, "date": "2025-05-18", "datePeremption": "2025-05-18", "seuil": 0, "commentaire": null, "quantiteTotal": 0}}, {"model": "CommercialSoft.produit", "pk": 20, "fields": {"codebare": null, "categorie": 1, "libelle": "RALONGE ROND PETIT", "quantite": 51, "prixAchat": 20000, "prixDetail": 25000, "prixEnGros": 25000, "date": "2025-05-18", "datePeremption": "2025-05-18", "seuil": 0, "commentaire": null, "quantiteTotal": 0}}, {"model": "CommercialSoft.produit", "pk": 21, "fields": {"codebare": null, "categorie": 1, "libelle": "PANNEAU AVEC 2 AMPOULE", "quantite": 37, "prixAchat": 50000, "prixDetail": 60000, "prixEnGros": 55000, "date": "2025-05-18", "datePeremption": "2025-05-18", "seuil": 0, "commentaire": null, "quantiteTotal": 0}}, {"model": "CommercialSoft.produit", "pk": 22, "fields": {"codebare": null, "categorie": 1, "libelle": "THERMO ORIGINAL", "quantite": 14, "prixAchat": 15000, "prixDetail": 25000, "prixEnGros": 20000, "date": "2025-05-18", "datePeremption": "2025-05-18", "seuil": 0, "commentaire": null, "quantiteTotal": 0}}, {"model": "CommercialSoft.produit", "pk": 23, "fields": {"codebare": null, "categorie": 1, "libelle": "THERMO GRAND", "quantite": 54, "prixAchat": 14000, "prixDetail": 25000, "prixEnGros": 20000, "date": "2025-05-18", "datePeremption": "2025-05-18", "seuil": 0, "commentaire": null, "quantiteTotal": 0}}, {"model": "CommercialSoft.produit", "pk": 24, "fields": {"codebare": null, "categorie": 1, "libelle": "RALONGE LOCAL 3B", "quantite": 34, "prixAchat": 10000, "prixDetail": 15000, "prixEnGros": 12000, "date": "2025-05-18", "datePeremption": "2025-05-18", "seuil": 0, "commentaire": null, "quantiteTotal": 0}}, {"model": "CommercialSoft.produit", "pk": 25, "fields": {"codebare": null, "categorie": 1, "libelle": "RALONGE LOCAL 4B", "quantite": 39, "prixAchat": 14000, "prixDetail": 20000, "prixEnGros": 16000, "date": "2025-05-18", "datePeremption": "2025-05-18", "seuil": 0, "commentaire": null, "quantiteTotal": 0}}, {"model": "CommercialSoft.produit", "pk": 26, "fields": {"codebare": null, "categorie": 1, "libelle": "THERMO PETIT", "quantite": 42, "prixAchat": 7187, "prixDetail": 20000, "prixEnGros": 15000, "date": "2025-05-18", "datePeremption": "2025-05-18", "seuil": 0, "commentaire": null, "quantiteTotal": 0}}, {"model": "CommercialSoft.produit", "pk": 27, "fields": {"codebare": null, "categorie": 1, "libelle": "DISJONTEUR INGELECT ROUGE 1P", "quantite": 130, "prixAchat": 8330, "prixDetail": 15000, "prixEnGros": 10000, "date": "2025-05-18", "datePeremption": "2025-05-18", "seuil": 0, "commentaire": null, "quantiteTotal": 0}}, {"model": "CommercialSoft.produit", "pk": 28, "fields": {"codebare": null, "categorie": 1, "libelle": "DISJONTEUR INGELECT ROUGE 2P", "quantite": 33, "prixAchat": 16666, "prixDetail": 25000, "prixEnGros": 20000, "date": "2025-05-18", "datePeremption": "2025-05-18", "seuil": 0, "commentaire": null, "quantiteTotal": 0}}, {"model": "CommercialSoft.produit", "pk": 29, "fields": {"codebare": null, "categorie": 1, "libelle": "DISJONTEUR INGELECT BLEU 1P", "quantite": 21, "prixAchat": 6250, "prixDetail": 15000, "prixEnGros": 10000, "date": "2025-05-18", "datePeremption": "2025-05-18", "seuil": 0, "commentaire": null, "quantiteTotal": 0}}, {"model": "CommercialSoft.produit", "pk": 30, "fields": {"codebare": null, "categorie": 1, "libelle": "SUPPORT DVD", "quantite": 7, "prixAchat": 33500, "prixDetail": 50000, "prixEnGros": 45000, "date": "2025-05-18", "datePeremption": "2025-05-18", "seuil": 0, "commentaire": null, "quantiteTotal": 0}}, {"model": "CommercialSoft.produit", "pk": 31, "fields": {"codebare": null, "categorie": 1, "libelle": "SUPPORT MOBILE", "quantite": 5, "prixAchat": 52850, "prixDetail": 75000, "prixEnGros": 70000, "date": "2025-05-18", "datePeremption": "2025-05-18", "seuil": 0, "commentaire": null, "quantiteTotal": 0}}, {"model": "CommercialSoft.produit", "pk": 32, "fields": {"codebare": null, "categorie": 1, "libelle": "PRISE ETANCE YAKI", "quantite": 22, "prixAchat": 9500, "prixDetail": 12000, "prixEnGros": 15000, "date": "2025-05-18", "datePeremption": "2025-05-18", "seuil": 0, "commentaire": null, "quantiteTotal": 2}}, {"model": "CommercialSoft.produit", "pk": 33, "fields": {"codebare": null, "categorie": 1, "libelle": "PANNEAU AVEC 3 AMPOULE", "quantite": 1, "prixAchat": 60000, "prixDetail": 75000, "prixEnGros": 70000, "date": "2025-05-18", "datePeremption": "2025-05-18", "seuil": 0, "commentaire": null, "quantiteTotal": 0}}, {"model": "CommercialSoft.produit", "pk": 34, "fields": {"codebare": null, "categorie": 1, "libelle": "AMPOULE 220 9W", "quantite": 52, "prixAchat": 6000, "prixDetail": 10000, "prixEnGros": 8500, "date": "2025-05-18", "datePeremption": "2025-05-18", "seuil": 0, "commentaire": null, "quantiteTotal": 2}}, {"model": "CommercialSoft.produit", "pk": 35, "fields": {"codebare": null, "categorie": 1, "libelle": "FICHE MAL YAKI", "quantite": 62, "prixAchat": 2875, "prixDetail": 5000, "prixEnGros": 3500, "date": "2025-05-18", "datePeremption": "2025-05-18", "seuil": 0, "commentaire": null, "quantiteTotal": 2}}, {"model": "CommercialSoft.produit", "pk": 36, "fields": {"codebare": null, "categorie": 1, "libelle": "FICHE MAL PETIT", "quantite": 384, "prixAchat": 1000, "prixDetail": 3000, "prixEnGros": 2000, "date": "2025-05-18", "datePeremption": "2025-05-18", "seuil": 0, "commentaire": null, "quantiteTotal": 0}}, {"model": "CommercialSoft.produit", "pk": 37, "fields": {"codebare": null, "categorie": 1, "libelle": "RALONGE ORIGINAL", "quantite": 6, "prixAchat": 50000, "prixDetail": 80000, "prixEnGros": 80000, "date": "2025-05-18", "datePeremption": "2025-05-18", "seuil": 0, "commentaire": null, "quantiteTotal": 0}}, {"model": "CommercialSoft.produit", "pk": 38, "fields": {"codebare": null, "categorie": 1, "libelle": "BOITE ETANCE 85X85", "quantite": 182, "prixAchat": 4250, "prixDetail": 10000, "prixEnGros": 6000, "date": "2025-05-18", "datePeremption": "2025-05-18", "seuil": 0, "commentaire": null, "quantiteTotal": 0}}, {"model": "CommercialSoft.produit", "pk": 39, "fields": {"codebare": null, "categorie": 1, "libelle": "CONTACT APPARENT YAKI", "quantite": 8, "prixAchat": 4000, "prixDetail": 8000, "prixEnGros": 5500, "date": "2025-05-18", "datePeremption": "2025-05-18", "seuil": 0, "commentaire": null, "quantiteTotal": 0}}, {"model": "CommercialSoft.produit", "pk": 40, "fields": {"codebare": null, "categorie": 1, "libelle": "CONTACT DOUBLE APPARENT YAKI", "quantite": 3, "prixAchat": 4500, "prixDetail": 10000, "prixEnGros": 6000, "date": "2025-05-18", "datePeremption": "2025-05-18", "seuil": 0, "commentaire": null, "quantiteTotal": 0}}, {"model": "CommercialSoft.produit", "pk": 41, "fields": {"codebare": null, "categorie": 1, "libelle": "PRISE APPRENTA YAKI", "quantite": 16, "prixAchat": 4000, "prixDetail": 10000, "prixEnGros": 5500, "date": "2025-05-18", "datePeremption": "2025-05-18", "seuil": 0, "commentaire": null, "quantiteTotal": 6}}, {"model": "CommercialSoft.produit", "pk": 42, "fields": {"codebare": null, "categorie": 1, "libelle": "PRISE ETANCE INGELECT", "quantite": 38, "prixAchat": 6000, "prixDetail": 10000, "prixEnGros": 7000, "date": "2025-05-18", "datePeremption": "2025-05-18", "seuil": 0, "commentaire": null, "quantiteTotal": 8}}, {"model": "CommercialSoft.produit", "pk": 43, "fields": {"codebare": null, "categorie": 1, "libelle": "DISJONTEUR DIFFERENCIEL", "quantite": 5, "prixAchat": 100000, "prixDetail": 150000, "prixEnGros": 120000, "date": "2025-05-18", "datePeremption": "2025-05-18", "seuil": 0, "commentaire": null, "quantiteTotal": 0}}, {"model": "CommercialSoft.produit", "pk": 44, "fields": {"codebare": null, "categorie": 1, "libelle": "DISJONTEUR PARAFOUDRE AC", "quantite": 3, "prixAchat": 150000, "prixDetail": 200000, "prixEnGros": 200000, "date": "2025-05-18", "datePeremption": "2025-05-18", "seuil": 0, "commentaire": null, "quantiteTotal": 0}}, {"model": "CommercialSoft.produit", "pk": 45, "fields": {"codebare": null, "categorie": 1, "libelle": "CHARGEUR DVD", "quantite": 7, "prixAchat": 12000, "prixDetail": 15000, "prixEnGros": 13000, "date": "2025-05-18", "datePeremption": "2025-05-18", "seuil": 0, "commentaire": null, "quantiteTotal": 0}}, {"model": "CommercialSoft.produit", "pk": 46, "fields": {"codebare": null, "categorie": 1, "libelle": "BOITE ETANCE 150X110", "quantite": 16, "prixAchat": 15000, "prixDetail": 25000, "prixEnGros": 20000, "date": "2025-05-18", "datePeremption": "2025-05-18", "seuil": 0, "commentaire": null, "quantiteTotal": 0}}, {"model": "CommercialSoft.produit", "pk": 47, "fields": {"codebare": null, "categorie": 1, "libelle": "BOITE ETENCE 200X155", "quantite": 31, "prixAchat": 25000, "prixDetail": 35000, "prixEnGros": 30000, "date": "2025-05-18", "datePeremption": "2025-05-18", "seuil": 0, "commentaire": null, "quantiteTotal": 0}}, {"model": "CommercialSoft.produit", "pk": 48, "fields": {"codebare": null, "categorie": 1, "libelle": "BOITE ETENCE 255X200", "quantite": 6, "prixAchat": 45000, "prixDetail": 55000, "prixEnGros": 50000, "date": "2025-05-18", "datePeremption": "2025-05-18", "seuil": 0, "commentaire": null, "quantiteTotal": 0}}, {"model": "CommercialSoft.produit", "pk": 49, "fields": {"codebare": null, "categorie": 1, "libelle": "LNB", "quantite": 44, "prixAchat": 16600, "prixDetail": 20000, "prixEnGros": 18000, "date": "2025-05-18", "datePeremption": "2025-05-18", "seuil": 0, "commentaire": null, "quantiteTotal": 0}}, {"model": "CommercialSoft.produit", "pk": 50, "fields": {"codebare": null, "categorie": 1, "libelle": "RALONGE NOIR 3 USB", "quantite": 44, "prixAchat": 30000, "prixDetail": 40000, "prixEnGros": 35000, "date": "2025-05-18", "datePeremption": "2025-05-18", "seuil": 0, "commentaire": null, "quantiteTotal": 0}}, {"model": "CommercialSoft.produit", "pk": 51, "fields": {"codebare": null, "categorie": 1, "libelle": "AMPOULE 12V 20W", "quantite": 13, "prixAchat": 11000, "prixDetail": 20000, "prixEnGros": 15000, "date": "2025-05-18", "datePeremption": "2025-05-18", "seuil": 0, "commentaire": null, "quantiteTotal": 0}}, {"model": "CommercialSoft.produit", "pk": 52, "fields": {"codebare": null, "categorie": 1, "libelle": "AMPOULE 12V 18W", "quantite": 10, "prixAchat": 15000, "prixDetail": 25000, "prixEnGros": 25000, "date": "2025-05-18", "datePeremption": "2025-05-18", "seuil": 0, "commentaire": null, "quantiteTotal": 0}}, {"model": "CommercialSoft.produit", "pk": 53, "fields": {"codebare": null, "categorie": 1, "libelle": "JEU DE LUMIERE PETIT", "quantite": 60, "prixAchat": 14000, "prixDetail": 25000, "prixEnGros": 20000, "date": "2025-05-18", "datePeremption": "2025-05-18", "seuil": 0, "commentaire": null, "quantiteTotal": 0}}, {"model": "CommercialSoft.produit", "pk": 54, "fields": {"codebare": null, "categorie": 1, "libelle": "JEU DE LUMIERE ETOILE", "quantite": 64, "prixAchat": 14000, "prixDetail": 25000, "prixEnGros": 20000, "date": "2025-05-18", "datePeremption": "2025-05-18", "seuil": 0, "commentaire": null, "quantiteTotal": 0}}, {"model": "CommercialSoft.produit", "pk": 55, "fields": {"codebare": null, "categorie": 1, "libelle": "JEU DE LUMIERE BOULE", "quantite": 65, "prixAchat": 14000, "prixDetail": 25000, "prixEnGros": 20000, "date": "2025-05-18", "datePeremption": "2025-05-18", "seuil": 0, "commentaire": null, "quantiteTotal": 0}}, {"model": "CommercialSoft.produit", "pk": 56, "fields": {"codebare": null, "categorie": 1, "libelle": "RALONGE 3B YAKI", "quantite": 1, "prixAchat": 22000, "prixDetail": 25000, "prixEnGros": 25000, "date": "2025-05-18", "datePeremption": "2025-05-18", "seuil": 0, "commentaire": null, "quantiteTotal": 0}}, {"model": "CommercialSoft.produit", "pk": 57, "fields": {"codebare": null, "categorie": 1, "libelle": "AMPOULE 220 30W", "quantite": 31, "prixAchat": 20000, "prixDetail": 30000, "prixEnGros": 25000, "date": "2025-05-18", "datePeremption": "2025-05-18", "seuil": 0, "commentaire": null, "quantiteTotal": 0}}, {"model": "CommercialSoft.produit", "pk": 58, "fields": {"codebare": null, "categorie": 1, "libelle": "COFFRE 2P", "quantite": 89, "prixAchat": 3000, "prixDetail": 5000, "prixEnGros": 4500, "date": "2025-05-18", "datePeremption": "2025-05-18", "seuil": 0, "commentaire": null, "quantiteTotal": 0}}, {"model": "CommercialSoft.produit", "pk": 59, "fields": {"codebare": null, "categorie": 1, "libelle": "ADAPTATEUR ORIGINAL", "quantite": 54, "prixAchat": 3750, "prixDetail": 10000, "prixEnGros": 5000, "date": "2025-05-18", "datePeremption": "2025-05-18", "seuil": 0, "commentaire": null, "quantiteTotal": 0}}, {"model": "CommercialSoft.produit", "pk": 60, "fields": {"codebare": null, "categorie": 1, "libelle": "DOUILS PLAFOND", "quantite": 45, "prixAchat": 1650, "prixDetail": 5000, "prixEnGros": 2750, "date": "2025-05-18", "datePeremption": "2025-05-18", "seuil": 0, "commentaire": null, "quantiteTotal": 5}}, {"model": "CommercialSoft.produit", "pk": 61, "fields": {"codebare": null, "categorie": 1, "libelle": "RALONGE KPC 2M", "quantite": 6, "prixAchat": 25000, "prixDetail": 35000, "prixEnGros": 30000, "date": "2025-05-18", "datePeremption": "2025-05-18", "seuil": 0, "commentaire": null, "quantiteTotal": 0}}, {"model": "CommercialSoft.produit", "pk": 62, "fields": {"codebare": null, "categorie": 1, "libelle": "RALONGE KPC 5M", "quantite": 3, "prixAchat": 30000, "prixDetail": 40000, "prixEnGros": 35000, "date": "2025-05-18", "datePeremption": "2025-05-18", "seuil": 0, "commentaire": null, "quantiteTotal": 0}}, {"model": "CommercialSoft.produit", "pk": 63, "fields": {"codebare": null, "categorie": 1, "libelle": "ATTACHE N8", "quantite": 56, "prixAchat": 3000, "prixDetail": 5000, "prixEnGros": 5000, "date": "2025-05-18", "datePeremption": "2025-05-18", "seuil": 0, "commentaire": null, "quantiteTotal": 0}}, {"model": "CommercialSoft.produit", "pk": 64, "fields": {"codebare": null, "categorie": 1, "libelle": "ONDULAIRE KYSUN 8991 300W", "quantite": 52, "prixAchat": 113400, "prixDetail": 150000, "prixEnGros": 150000, "date": "2025-05-18", "datePeremption": "2025-05-18", "seuil": 0, "commentaire": null, "quantiteTotal": 0}}, {"model": "CommercialSoft.produit", "pk": 65, "fields": {"codebare": null, "categorie": 1, "libelle": "THERMO ROUGE PETIT", "quantite": 81, "prixAchat": 7187, "prixDetail": 20000, "prixEnGros": 15000, "date": "2025-05-18", "datePeremption": "2025-05-18", "seuil": 0, "commentaire": null, "quantiteTotal": 0}}, {"model": "CommercialSoft.produit", "pk": 66, "fields": {"codebare": null, "categorie": 1, "libelle": "THERMO GRAND ROND", "quantite": 60, "prixAchat": 14000, "prixDetail": 20000, "prixEnGros": 25000, "date": "2025-05-18", "datePeremption": "2025-05-18", "seuil": 0, "commentaire": null, "quantiteTotal": 0}}, {"model": "CommercialSoft.produit", "pk": 67, "fields": {"codebare": null, "categorie": 1, "libelle": "COLLE NOIR", "quantite": 515, "prixAchat": 1000, "prixDetail": 15000, "prixEnGros": 13000, "date": "2025-05-18", "datePeremption": "2025-05-18", "seuil": 0, "commentaire": null, "quantiteTotal": 0}}, {"model": "CommercialSoft.produit", "pk": 68, "fields": {"codebare": null, "categorie": 1, "libelle": "AMPOULE 12V 24W", "quantite": 24, "prixAchat": 22650, "prixDetail": 40000, "prixEnGros": 35000, "date": "2025-05-18", "datePeremption": "2025-05-18", "seuil": 0, "commentaire": null, "quantiteTotal": 0}}, {"model": "CommercialSoft.produit", "pk": 69, "fields": {"codebare": null, "categorie": 1, "libelle": "ONDULAIRE RALONGE 500W", "quantite": 2, "prixAchat": 130000, "prixDetail": 200000, "prixEnGros": 180000, "date": "2025-05-18", "datePeremption": "2025-05-18", "seuil": 0, "commentaire": null, "quantiteTotal": 0}}, {"model": "CommercialSoft.produit", "pk": 70, "fields": {"codebare": null, "categorie": 1, "libelle": "RALONGE 4B 3USB", "quantite": 33, "prixAchat": 25000, "prixDetail": 35000, "prixEnGros": 30000, "date": "2025-05-18", "datePeremption": "2025-05-18", "seuil": 0, "commentaire": null, "quantiteTotal": 0}}, {"model": "CommercialSoft.produit", "pk": 71, "fields": {"codebare": null, "categorie": 1, "libelle": "AMPOULE CHARGEABLE 15W", "quantite": 2, "prixAchat": 18000, "prixDetail": 25000, "prixEnGros": 25000, "date": "2025-05-18", "datePeremption": "2025-05-18", "seuil": 0, "commentaire": null, "quantiteTotal": 0}}, {"model": "CommercialSoft.produit", "pk": 72, "fields": {"codebare": null, "categorie": 1, "libelle": "DIGITAL GRAND", "quantite": 23, "prixAchat": 27700, "prixDetail": 60000, "prixEnGros": 55000, "date": "2025-05-18", "datePeremption": "2025-05-18", "seuil": 0, "commentaire": null, "quantiteTotal": 0}}, {"model": "CommercialSoft.produit", "pk": 73, "fields": {"codebare": null, "categorie": 1, "libelle": "JEU DE LUMIERE AMPOULE GRAND", "quantite": 7, "prixAchat": 28000, "prixDetail": 40000, "prixEnGros": 35000, "date": "2025-05-18", "datePeremption": "2025-05-18", "seuil": 0, "commentaire": null, "quantiteTotal": 0}}, {"model": "CommercialSoft.produit", "pk": 74, "fields": {"codebare": null, "categorie": 1, "libelle": "JEU DE LUMIERE AMPOULE PETIT", "quantite": 12, "prixAchat": 15400, "prixDetail": 25000, "prixEnGros": 20000, "date": "2025-05-18", "datePeremption": "2025-05-18", "seuil": 0, "commentaire": null, "quantiteTotal": 0}}, {"model": "CommercialSoft.produit", "pk": 75, "fields": {"codebare": null, "categorie": 1, "libelle": "AMPOULE CHARGEABLE 9W", "quantite": 36, "prixAchat": 15000, "prixDetail": 20000, "prixEnGros": 17000, "date": "2025-05-18", "datePeremption": "2025-05-18", "seuil": 0, "commentaire": null, "quantiteTotal": 0}}, {"model": "CommercialSoft.produit", "pk": 76, "fields": {"codebare": null, "categorie": 1, "libelle": "AMPOULE CHARGEABLE 20W", "quantite": 82, "prixAchat": 22680, "prixDetail": 25000, "prixEnGros": 25000, "date": "2025-05-18", "datePeremption": "2025-05-18", "seuil": 0, "commentaire": null, "quantiteTotal": 0}}, {"model": "CommercialSoft.produit", "pk": 77, "fields": {"codebare": null, "categorie": 1, "libelle": "AMPOULE CHARGEABLE 30W", "quantite": 38, "prixAchat": 30375, "prixDetail": 35000, "prixEnGros": 35000, "date": "2025-05-18", "datePeremption": "2025-05-18", "seuil": 0, "commentaire": null, "quantiteTotal": 0}}, {"model": "CommercialSoft.produit", "pk": 78, "fields": {"codebare": null, "categorie": 1, "libelle": "AMPOULE CHARGEABLE LONG PETIT", "quantite": 24, "prixAchat": 20000, "prixDetail": 30000, "prixEnGros": 25000, "date": "2025-05-18", "datePeremption": "2025-05-18", "seuil": 0, "commentaire": null, "quantiteTotal": 0}}, {"model": "CommercialSoft.produit", "pk": 79, "fields": {"codebare": null, "categorie": 1, "libelle": "AMPOULE CHARGEABLE LONG GRAND", "quantite": 7, "prixAchat": 25000, "prixDetail": 40000, "prixEnGros": 35000, "date": "2025-05-18", "datePeremption": "2025-05-18", "seuil": 0, "commentaire": null, "quantiteTotal": 0}}, {"model": "CommercialSoft.produit", "pk": 80, "fields": {"codebare": null, "categorie": 1, "libelle": "THERMO PETIT A PETIT", "quantite": 215, "prixAchat": 5250, "prixDetail": 10000, "prixEnGros": 6500, "date": "2025-05-18", "datePeremption": "2025-05-18", "seuil": 0, "commentaire": null, "quantiteTotal": 0}}, {"model": "CommercialSoft.produit", "pk": 81, "fields": {"codebare": null, "categorie": 1, "libelle": "AMPOULE BLEU 20W", "quantite": 33, "prixAchat": 14000, "prixDetail": 20000, "prixEnGros": 20000, "date": "2025-05-18", "datePeremption": "2025-05-18", "seuil": 0, "commentaire": null, "quantiteTotal": 0}}, {"model": "CommercialSoft.produit", "pk": 82, "fields": {"codebare": null, "categorie": 1, "libelle": "AMPOULE VERTE 10W", "quantite": 64, "prixAchat": 9000, "prixDetail": 10000, "prixEnGros": 10000, "date": "2025-05-18", "datePeremption": "2025-05-18", "seuil": 0, "commentaire": null, "quantiteTotal": 0}}, {"model": "CommercialSoft.produit", "pk": 83, "fields": {"codebare": null, "categorie": 1, "libelle": "AMPOULE ROUGE 10W", "quantite": 15, "prixAchat": 9000, "prixDetail": 10000, "prixEnGros": 10000, "date": "2025-05-18", "datePeremption": "2025-05-18", "seuil": 0, "commentaire": null, "quantiteTotal": 0}}, {"model": "CommercialSoft.produit", "pk": 84, "fields": {"codebare": null, "categorie": 1, "libelle": "TRANSFORMATEUR 12-24 60A", "quantite": 7, "prixAchat": 226500, "prixDetail": 300000, "prixEnGros": 250000, "date": "2025-05-18", "datePeremption": "2025-05-18", "seuil": 0, "commentaire": null, "quantiteTotal": 0}}, {"model": "CommercialSoft.produit", "pk": 85, "fields": {"codebare": null, "categorie": 1, "libelle": "TRANSFORMATEUR 12-24 30A", "quantite": 11, "prixAchat": 166200, "prixDetail": 250000, "prixEnGros": 200000, "date": "2025-05-18", "datePeremption": "2025-05-18", "seuil": 0, "commentaire": null, "quantiteTotal": 0}}, {"model": "CommercialSoft.produit", "pk": 86, "fields": {"codebare": null, "categorie": 1, "libelle": "ONDULAIRE 8990 200W", "quantite": 52, "prixAchat": 81000, "prixDetail": 100000, "prixEnGros": 100000, "date": "2025-05-18", "datePeremption": "2025-05-18", "seuil": 0, "commentaire": null, "quantiteTotal": 0}}, {"model": "CommercialSoft.produit", "pk": 87, "fields": {"codebare": null, "categorie": 1, "libelle": "ONDULAIRE JEUNE 600W", "quantite": 4, "prixAchat": 150000, "prixDetail": 200000, "prixEnGros": 180000, "date": "2025-05-18", "datePeremption": "2025-05-18", "seuil": 0, "commentaire": null, "quantiteTotal": 0}}, {"model": "CommercialSoft.produit", "pk": 88, "fields": {"codebare": null, "categorie": 1, "libelle": "DISMATIQUE", "quantite": 26, "prixAchat": 7470, "prixDetail": 20000, "prixEnGros": 15000, "date": "2025-05-18", "datePeremption": "2025-05-18", "seuil": 0, "commentaire": null, "quantiteTotal": 0}}, {"model": "CommercialSoft.produit", "pk": 89, "fields": {"codebare": null, "categorie": 1, "libelle": "REGULATEUR PWM 30A", "quantite": 19, "prixAchat": 72900, "prixDetail": 150000, "prixEnGros": 100000, "date": "2025-05-18", "datePeremption": "2025-05-18", "seuil": 0, "commentaire": null, "quantiteTotal": 0}}, {"model": "CommercialSoft.produit", "pk": 90, "fields": {"codebare": null, "categorie": 1, "libelle": "ONDULAIRE RALONGE 200W", "quantite": 7, "prixAchat": 93330, "prixDetail": 150000, "prixEnGros": 100000, "date": "2025-05-18", "datePeremption": "2025-05-18", "seuil": 0, "commentaire": null, "quantiteTotal": 0}}, {"model": "CommercialSoft.produit", "pk": 91, "fields": {"codebare": null, "categorie": 1, "libelle": "REGULATEUR KYSUN 60A", "quantite": 42, "prixAchat": 135900, "prixDetail": 300000, "prixEnGros": 250000, "date": "2025-05-18", "datePeremption": "2025-05-18", "seuil": 0, "commentaire": null, "quantiteTotal": 0}}, {"model": "CommercialSoft.produit", "pk": 92, "fields": {"codebare": null, "categorie": 1, "libelle": "ONDULAIRE 600 VERT", "quantite": 4, "prixAchat": 120000, "prixDetail": 200000, "prixEnGros": 180000, "date": "2025-05-18", "datePeremption": "2025-05-18", "seuil": 0, "commentaire": null, "quantiteTotal": 0}}, {"model": "CommercialSoft.produit", "pk": 93, "fields": {"codebare": null, "categorie": 1, "libelle": "ONDULAIRE 500 VERT", "quantite": 2, "prixAchat": 120000, "prixDetail": 200000, "prixEnGros": 180000, "date": "2025-05-18", "datePeremption": "2025-05-18", "seuil": 0, "commentaire": null, "quantiteTotal": 0}}, {"model": "CommercialSoft.produit", "pk": 94, "fields": {"codebare": null, "categorie": 1, "libelle": "ONDULAIRE 8931 200W", "quantite": 71, "prixAchat": 37750, "prixDetail": 60000, "prixEnGros": 50000, "date": "2025-05-18", "datePeremption": "2025-05-18", "seuil": 0, "commentaire": null, "quantiteTotal": 0}}, {"model": "CommercialSoft.produit", "pk": 95, "fields": {"codebare": null, "categorie": 1, "libelle": "BOITE 160X160", "quantite": 34, "prixAchat": 8500, "prixDetail": 9500, "prixEnGros": 10000, "date": "2025-05-18", "datePeremption": "2025-05-18", "seuil": 0, "commentaire": null, "quantiteTotal": 0}}, {"model": "CommercialSoft.produit", "pk": 96, "fields": {"codebare": null, "categorie": 1, "libelle": "REGULATEUR ORIGINAL 30A", "quantite": 33, "prixAchat": 160000, "prixDetail": 200000, "prixEnGros": 180000, "date": "2025-05-18", "datePeremption": "2025-05-18", "seuil": 0, "commentaire": null, "quantiteTotal": 0}}, {"model": "CommercialSoft.produit", "pk": 97, "fields": {"codebare": null, "categorie": 1, "libelle": "REGULATEUR 20A", "quantite": 50, "prixAchat": 68000, "prixDetail": 100000, "prixEnGros": 90000, "date": "2025-05-18", "datePeremption": "2025-05-18", "seuil": 0, "commentaire": null, "quantiteTotal": 0}}, {"model": "CommercialSoft.produit", "pk": 98, "fields": {"codebare": null, "categorie": 1, "libelle": "DOUILS SIMPLE ORIGINAL", "quantite": 348, "prixAchat": 1600, "prixDetail": 5000, "prixEnGros": 2250, "date": "2025-05-18", "datePeremption": "2025-05-18", "seuil": 0, "commentaire": null, "quantiteTotal": 0}}, {"model": "CommercialSoft.produit", "pk": 99, "fields": {"codebare": null, "categorie": 1, "libelle": "ONDULAIRE 8934 600W", "quantite": 8, "prixAchat": 105700, "prixDetail": 200000, "prixEnGros": 180000, "date": "2025-05-18", "datePeremption": "2025-05-18", "seuil": 0, "commentaire": null, "quantiteTotal": 0}}, {"model": "CommercialSoft.produit", "pk": 100, "fields": {"codebare": null, "categorie": 1, "libelle": "COFFRE 6 DEPART", "quantite": 19, "prixAchat": 25000, "prixDetail": 30000, "prixEnGros": 30000, "date": "2025-05-18", "datePeremption": "2025-05-18", "seuil": 0, "commentaire": null, "quantiteTotal": 0}}, {"model": "CommercialSoft.produit", "pk": 101, "fields": {"codebare": null, "categorie": 1, "libelle": "ONDULAIRE 8992 500W", "quantite": 19, "prixAchat": 129600, "prixDetail": 200000, "prixEnGros": 180000, "date": "2025-05-18", "datePeremption": "2025-05-18", "seuil": 0, "commentaire": null, "quantiteTotal": 0}}, {"model": "CommercialSoft.produit", "pk": 102, "fields": {"codebare": null, "categorie": 1, "libelle": "COFFRE 36 DEPART", "quantite": 3, "prixAchat": 160000, "prixDetail": 180000, "prixEnGros": 180000, "date": "2025-05-18", "datePeremption": "2025-05-18", "seuil": 0, "commentaire": null, "quantiteTotal": 0}}, {"model": "CommercialSoft.produit", "pk": 103, "fields": {"codebare": null, "categorie": 1, "libelle": "CAFETIERE 3L", "quantite": 2, "prixAchat": 78125, "prixDetail": 120000, "prixEnGros": 100000, "date": "2025-05-18", "datePeremption": "2025-05-18", "seuil": 0, "commentaire": null, "quantiteTotal": 0}}, {"model": "CommercialSoft.produit", "pk": 104, "fields": {"codebare": null, "categorie": 1, "libelle": "ONDULAIRE KYSUN 300W", "quantite": 5, "prixAchat": 113400, "prixDetail": 180000, "prixEnGros": 150000, "date": "2025-05-18", "datePeremption": "2025-05-18", "seuil": 0, "commentaire": null, "quantiteTotal": 0}}, {"model": "CommercialSoft.produit", "pk": 105, "fields": {"codebare": null, "categorie": 1, "libelle": "SURVOLTEUR AUTOMATIQUE 5000W", "quantite": 1, "prixAchat": 700000, "prixDetail": 800000, "prixEnGros": 800000, "date": "2025-05-18", "datePeremption": "2025-05-18", "seuil": 0, "commentaire": null, "quantiteTotal": 0}}, {"model": "CommercialSoft.produit", "pk": 106, "fields": {"codebare": null, "categorie": 1, "libelle": "SURVOLTEUR MECANIQUE 2000W", "quantite": 2, "prixAchat": 320000, "prixDetail": 370000, "prixEnGros": 350000, "date": "2025-05-18", "datePeremption": "2025-05-18", "seuil": 0, "commentaire": null, "quantiteTotal": 0}}, {"model": "CommercialSoft.produit", "pk": 107, "fields": {"codebare": null, "categorie": 1, "libelle": "RESSEAU PETIT", "quantite": 1, "prixAchat": 50000, "prixDetail": 60000, "prixEnGros": 60000, "date": "2025-05-18", "datePeremption": "2025-05-18", "seuil": 0, "commentaire": null, "quantiteTotal": 0}}, {"model": "CommercialSoft.produit", "pk": 108, "fields": {"codebare": null, "categorie": 1, "libelle": "CHINOIS LAMPANT 888", "quantite": 10, "prixAchat": 50000, "prixDetail": 100000, "prixEnGros": 80000, "date": "2025-05-18", "datePeremption": "2025-05-18", "seuil": 0, "commentaire": null, "quantiteTotal": 0}}, {"model": "CommercialSoft.produit", "pk": 109, "fields": {"codebare": null, "categorie": 1, "libelle": "REGULAIRE JARRETE 60A", "quantite": 1, "prixAchat": 285000, "prixDetail": 500000, "prixEnGros": 450000, "date": "2025-05-18", "datePeremption": "2025-05-18", "seuil": 0, "commentaire": null, "quantiteTotal": 0}}, {"model": "CommercialSoft.produit", "pk": 110, "fields": {"codebare": null, "categorie": 1, "libelle": "GLOBE GRIAGE", "quantite": 4, "prixAchat": 50000, "prixDetail": 60000, "prixEnGros": 55000, "date": "2025-05-18", "datePeremption": "2025-05-18", "seuil": 0, "commentaire": null, "quantiteTotal": 0}}, {"model": "CommercialSoft.produit", "pk": 111, "fields": {"codebare": null, "categorie": 1, "libelle": "GLOBE GRIAGE PETIT", "quantite": 3, "prixAchat": 25000, "prixDetail": 35000, "prixEnGros": 30000, "date": "2025-05-18", "datePeremption": "2025-05-18", "seuil": 0, "commentaire": null, "quantiteTotal": 0}}, {"model": "CommercialSoft.produit", "pk": 112, "fields": {"codebare": null, "categorie": 1, "libelle": "COMMANDE PASSE PAR TOUS", "quantite": 26, "prixAchat": 11620, "prixDetail": 20000, "prixEnGros": 15000, "date": "2025-05-18", "datePeremption": "2025-05-18", "seuil": 0, "commentaire": null, "quantiteTotal": 0}}, {"model": "CommercialSoft.produit", "pk": 113, "fields": {"codebare": null, "categorie": 1, "libelle": "COMMANDE CANAL+", "quantite": 10, "prixAchat": 5810, "prixDetail": 15000, "prixEnGros": 10000, "date": "2025-05-18", "datePeremption": "2025-05-18", "seuil": 0, "commentaire": null, "quantiteTotal": 0}}, {"model": "CommercialSoft.produit", "pk": 114, "fields": {"codebare": null, "categorie": 1, "libelle": "CABLE 2X1.5 SOUPLE", "quantite": 320, "prixAchat": 1750, "prixDetail": 2500, "prixEnGros": 2000, "date": "2025-05-18", "datePeremption": "2025-05-18", "seuil": 0, "commentaire": null, "quantiteTotal": 0}}, {"model": "CommercialSoft.produit", "pk": 115, "fields": {"codebare": null, "categorie": 1, "libelle": "CABLE 2X2.5 MEPLAT", "quantite": 160, "prixAchat": 1250, "prixDetail": 1500, "prixEnGros": 1375, "date": "2025-05-18", "datePeremption": "2025-05-18", "seuil": 0, "commentaire": null, "quantiteTotal": 0}}, {"model": "CommercialSoft.produit", "pk": 116, "fields": {"codebare": null, "categorie": 1, "libelle": "PIQUET COMPLET", "quantite": 6, "prixAchat": 45000, "prixDetail": 80000, "prixEnGros": 65000, "date": "2025-05-18", "datePeremption": "2025-05-18", "seuil": 0, "commentaire": null, "quantiteTotal": 0}}, {"model": "CommercialSoft.produit", "pk": 117, "fields": {"codebare": null, "categorie": 1, "libelle": "AV FIL", "quantite": 6, "prixAchat": 5000, "prixDetail": 10000, "prixEnGros": 6000, "date": "2025-05-18", "datePeremption": "2025-05-18", "seuil": 0, "commentaire": null, "quantiteTotal": 0}}, {"model": "CommercialSoft.produit", "pk": 118, "fields": {"codebare": null, "categorie": 1, "libelle": "SON FIL", "quantite": 2, "prixAchat": 5000, "prixDetail": 10000, "prixEnGros": 6000, "date": "2025-05-18", "datePeremption": "2025-05-18", "seuil": 0, "commentaire": null, "quantiteTotal": 0}}, {"model": "CommercialSoft.produit", "pk": 119, "fields": {"codebare": null, "categorie": 1, "libelle": "AMPOULE 220 5W", "quantite": 45, "prixAchat": 4500, "prixDetail": 8000, "prixEnGros": 5000, "date": "2025-05-18", "datePeremption": "2025-05-18", "seuil": 0, "commentaire": null, "quantiteTotal": 0}}, {"model": "CommercialSoft.produit", "pk": 120, "fields": {"codebare": null, "categorie": 1, "libelle": "AMPOULE 220 3W", "quantite": 21, "prixAchat": 3300, "prixDetail": 10000, "prixEnGros": 4000, "date": "2025-05-18", "datePeremption": "2025-05-18", "seuil": 0, "commentaire": null, "quantiteTotal": 0}}, {"model": "CommercialSoft.produit", "pk": 121, "fields": {"codebare": null, "categorie": 1, "libelle": "PIED DE PANNEAU", "quantite": 10, "prixAchat": 12000, "prixDetail": 20000, "prixEnGros": 15000, "date": "2025-05-18", "datePeremption": "2025-05-18", "seuil": 0, "commentaire": null, "quantiteTotal": 0}}, {"model": "CommercialSoft.produit", "pk": 122, "fields": {"codebare": null, "categorie": 1, "libelle": "AMPOULE 220 50W", "quantite": 1, "prixAchat": 30000, "prixDetail": 45000, "prixEnGros": 45000, "date": "2025-05-18", "datePeremption": "2025-05-18", "seuil": 0, "commentaire": null, "quantiteTotal": 0}}, {"model": "CommercialSoft.produit", "pk": 123, "fields": {"codebare": null, "categorie": 1, "libelle": "PANNEAU 10W", "quantite": 5, "prixAchat": 91300, "prixDetail": 120000, "prixEnGros": 110000, "date": "2025-05-18", "datePeremption": "2025-05-18", "seuil": 0, "commentaire": null, "quantiteTotal": 0}}, {"model": "CommercialSoft.produit", "pk": 124, "fields": {"codebare": null, "categorie": 1, "libelle": "GLOBE ETANCE 2 DOUILS", "quantite": 1, "prixAchat": 50000, "prixDetail": 60000, "prixEnGros": 55000, "date": "2025-05-18", "datePeremption": "2025-05-18", "seuil": 0, "commentaire": null, "quantiteTotal": 0}}, {"model": "CommercialSoft.produit", "pk": 125, "fields": {"codebare": null, "categorie": 1, "libelle": "AMPOULE 12V 5W", "quantite": 83, "prixAchat": 4980, "prixDetail": 10000, "prixEnGros": 5500, "date": "2025-05-18", "datePeremption": "2025-05-18", "seuil": 0, "commentaire": null, "quantiteTotal": 0}}, {"model": "CommercialSoft.produit", "pk": 126, "fields": {"codebare": null, "categorie": 1, "libelle": "AMPOULE 220V 12W", "quantite": 7, "prixAchat": 10000, "prixDetail": 15000, "prixEnGros": 15000, "date": "2025-05-18", "datePeremption": "2025-05-18", "seuil": 0, "commentaire": null, "quantiteTotal": 0}}, {"model": "CommercialSoft.produit", "pk": 127, "fields": {"codebare": null, "categorie": 1, "libelle": "AMPOULE 220 7W", "quantite": 2, "prixAchat": 6000, "prixDetail": 10000, "prixEnGros": 7500, "date": "2025-05-18", "datePeremption": "2025-05-18", "seuil": 0, "commentaire": null, "quantiteTotal": 0}}, {"model": "CommercialSoft.produit", "pk": 128, "fields": {"codebare": null, "categorie": 1, "libelle": "CONTACT CHINOIS", "quantite": 21, "prixAchat": 1875, "prixDetail": 5000, "prixEnGros": 2275, "date": "2025-05-18", "datePeremption": "2025-05-18", "seuil": 0, "commentaire": null, "quantiteTotal": 0}}, {"model": "CommercialSoft.produit", "pk": 129, "fields": {"codebare": null, "categorie": 1, "libelle": "FICHE FEMELLE YAKI", "quantite": 10, "prixAchat": 3250, "prixDetail": 5000, "prixEnGros": 4250, "date": "2025-05-18", "datePeremption": "2025-05-18", "seuil": 0, "commentaire": null, "quantiteTotal": 0}}, {"model": "CommercialSoft.produit", "pk": 130, "fields": {"codebare": null, "categorie": 1, "libelle": "ADAPTATEUR 3 COTE", "quantite": 10, "prixAchat": 3125, "prixDetail": 5000, "prixEnGros": 3750, "date": "2025-05-18", "datePeremption": "2025-05-18", "seuil": 0, "commentaire": null, "quantiteTotal": 0}}, {"model": "CommercialSoft.produit", "pk": 131, "fields": {"codebare": null, "categorie": 1, "libelle": "ADAPTATEUR NOIR BLANC", "quantite": 15, "prixAchat": 1500, "prixDetail": 5000, "prixEnGros": 2000, "date": "2025-05-18", "datePeremption": "2025-05-18", "seuil": 0, "commentaire": null, "quantiteTotal": 0}}, {"model": "CommercialSoft.produit", "pk": 132, "fields": {"codebare": null, "categorie": 1, "libelle": "PRISE ENCASTRE YAKI", "quantite": 72, "prixAchat": 4000, "prixDetail": 5000, "prixEnGros": 4500, "date": "2025-05-18", "datePeremption": "2025-05-18", "seuil": 0, "commentaire": null, "quantiteTotal": 2}}, {"model": "CommercialSoft.produit", "pk": 133, "fields": {"codebare": null, "categorie": 1, "libelle": "CONTACT ENCASTRE DOUBLE INGELECT", "quantite": 47, "prixAchat": 3250, "prixDetail": 5000, "prixEnGros": 4500, "date": "2025-05-18", "datePeremption": "2025-05-18", "seuil": 0, "commentaire": null, "quantiteTotal": 0}}, {"model": "CommercialSoft.produit", "pk": 134, "fields": {"codebare": null, "categorie": 1, "libelle": "AMPOULE BLEU 10W", "quantite": 13, "prixAchat": 9000, "prixDetail": 10000, "prixEnGros": 10000, "date": "2025-05-18", "datePeremption": "2025-05-18", "seuil": 0, "commentaire": null, "quantiteTotal": 0}}, {"model": "CommercialSoft.produit", "pk": 135, "fields": {"codebare": null, "categorie": 1, "libelle": "AMPOULE VERTE 5W", "quantite": 4, "prixAchat": 5000, "prixDetail": 10000, "prixEnGros": 6000, "date": "2025-05-18", "datePeremption": "2025-05-18", "seuil": 0, "commentaire": null, "quantiteTotal": 0}}, {"model": "CommercialSoft.livraison", "pk": 1, "fields": {"fournisseur": 4, "date": "2025-05-18", "montant": 135750, "numeroFacture": "1"}}, {"model": "CommercialSoft.livraison", "pk": 2, "fields": {"fournisseur": 4, "date": "2025-05-18", "montant": 8000, "numeroFacture": "2"}}, {"model": "CommercialSoft.livraisonproduit", "pk": 1, "fields": {"livraison": 1, "produit": 60, "quantite": 5, "prix": 1650, "prixDetail": 5000, "peremption": "2025-05-18"}}, {"model": "CommercialSoft.livraisonproduit", "pk": 2, "fields": {"livraison": 1, "produit": 35, "quantite": 2, "prix": 2875, "prixDetail": 5000, "peremption": "2025-05-31"}}, {"model": "CommercialSoft.livraisonproduit", "pk": 3, "fields": {"livraison": 1, "produit": 34, "quantite": 2, "prix": 6000, "prixDetail": 10000, "peremption": "2025-05-18"}}, {"model": "CommercialSoft.livraisonproduit", "pk": 4, "fields": {"livraison": 1, "produit": 13, "quantite": 10, "prix": 1875, "prixDetail": 5000, "peremption": "2025-05-18"}}, {"model": "CommercialSoft.livraisonproduit", "pk": 5, "fields": {"livraison": 1, "produit": 42, "quantite": 8, "prix": 6000, "prixDetail": 10000, "peremption": "2025-05-18"}}, {"model": "CommercialSoft.livraisonproduit", "pk": 6, "fields": {"livraison": 1, "produit": 32, "quantite": 2, "prix": 9500, "prixDetail": 12000, "peremption": "2025-05-18"}}, {"model": "CommercialSoft.livraisonproduit", "pk": 7, "fields": {"livraison": 1, "produit": 41, "quantite": 6, "prix": 4000, "prixDetail": 10000, "peremption": "2025-05-18"}}, {"model": "CommercialSoft.livraisonproduit", "pk": 8, "fields": {"livraison": 2, "produit": 132, "quantite": 2, "prix": 4000, "prixDetail": 5000, "peremption": "2025-05-18"}}, {"model": "CommercialSoft.societe", "pk": 1, "fields": {"nom": "Laguisoft Technologie", "adresse": "KANKAN", "telephone": "620943541"}}, {"model": "CommercialSoft.client", "pk": 1, "fields": {"societe": 1, "nom": "Saliou Mansare", "telephone": "620943541", "adresse": "1559", "email": "salioumansare9@gmail.com", "matricule": "606", "pourcentage": 1, "detteMaximale": 0}}, {"model": "CommercialSoft.commande", "pk": 1, "fields": {"user": 1, "client": null, "montant": 60000, "remise": 0, "date": "2025-04-11", "typeVente": "detail", "typePayement": "Espece", "montantAchat": 50000}}, {"model": "CommercialSoft.commande", "pk": 2, "fields": {"user": 1, "client": null, "montant": 25000, "remise": 0, "date": "2025-04-11", "typeVente": "detail", "typePayement": "Espece", "montantAchat": 0}}, {"model": "CommercialSoft.commande", "pk": 3, "fields": {"user": 1, "client": null, "montant": 25000, "remise": 0, "date": "2025-04-11", "typeVente": "detail", "typePayement": "Espece", "montantAchat": 4940000}}, {"model": "CommercialSoft.commande", "pk": 4, "fields": {"user": 1, "client": null, "montant": 75000, "remise": 0, "date": "2025-04-11", "typeVente": "detail", "typePayement": "Espece", "montantAchat": 60000}}, {"model": "CommercialSoft.commande", "pk": 5, "fields": {"user": 1, "client": null, "montant": 50000, "remise": 0, "date": "2025-04-11", "typeVente": "detail", "typePayement": "Espece", "montantAchat": 40000}}, {"model": "CommercialSoft.commande", "pk": 6, "fields": {"user": 1, "client": null, "montant": 5000, "remise": 0, "date": "2025-04-14", "typeVente": "detail", "typePayement": "Pret", "montantAchat": 3000}}, {"model": "CommercialSoft.commande", "pk": 7, "fields": {"user": 1, "client": null, "montant": 5000, "remise": 0, "date": "2025-04-28", "typeVente": "detail", "typePayement": "Pret", "montantAchat": 3000}}, {"model": "CommercialSoft.commande", "pk": 8, "fields": {"user": 1, "client": null, "montant": 5000, "remise": 0, "date": "2025-04-28", "typeVente": "detail", "typePayement": "Pret", "montantAchat": 3000}}, {"model": "CommercialSoft.commande", "pk": 9, "fields": {"user": 1, "client": null, "montant": 5000, "remise": 0, "date": "2025-04-28", "typeVente": "detail", "typePayement": "Pret", "montantAchat": 3000}}, {"model": "CommercialSoft.commande", "pk": 10, "fields": {"user": 1, "client": null, "montant": 10000, "remise": 0, "date": "2025-04-28", "typeVente": "detail", "typePayement": "Pret", "montantAchat": 7000}}, {"model": "CommercialSoft.commande", "pk": 11, "fields": {"user": 1, "client": null, "montant": 10000, "remise": 0, "date": "2025-04-28", "typeVente": "detail", "typePayement": "Pret", "montantAchat": 7000}}, {"model": "CommercialSoft.commande", "pk": 12, "fields": {"user": 1, "client": null, "montant": 5000, "remise": 0, "date": "2025-04-28", "typeVente": "detail", "typePayement": "Pret", "montantAchat": 2500}}, {"model": "CommercialSoft.commande", "pk": 13, "fields": {"user": 1, "client": null, "montant": 5000, "remise": 0, "date": "2025-04-28", "typeVente": "detail", "typePayement": "Pret", "montantAchat": 2500}}, {"model": "CommercialSoft.commande", "pk": 14, "fields": {"user": 1, "client": null, "montant": 5000, "remise": 0, "date": "2025-04-28", "typeVente": "detail", "typePayement": "Pret", "montantAchat": 2500}}, {"model": "CommercialSoft.commande", "pk": 15, "fields": {"user": 1, "client": null, "montant": 5000, "remise": 0, "date": "2025-04-28", "typeVente": "detail", "typePayement": "Pret", "montantAchat": 2500}}, {"model": "CommercialSoft.commande", "pk": 16, "fields": {"user": 1, "client": null, "montant": 30000, "remise": 0, "date": "2025-04-28", "typeVente": "detail", "typePayement": "Pret", "montantAchat": 22500}}, {"model": "CommercialSoft.commande", "pk": 17, "fields": {"user": 1, "client": null, "montant": 10000, "remise": 0, "date": "2025-04-28", "typeVente": "detail", "typePayement": "Pret", "montantAchat": 7000}}, {"model": "CommercialSoft.commande", "pk": 18, "fields": {"user": 1, "client": null, "montant": 10000, "remise": 0, "date": "2025-04-28", "typeVente": "detail", "typePayement": "Espece", "montantAchat": 7000}}, {"model": "CommercialSoft.commande", "pk": 19, "fields": {"user": 1, "client": null, "montant": 10000, "remise": 0, "date": "2025-04-28", "typeVente": "detail", "typePayement": "Pret", "montantAchat": 7000}}, {"model": "CommercialSoft.commande", "pk": 20, "fields": {"user": 1, "client": null, "montant": 10000, "remise": 0, "date": "2025-04-28", "typeVente": "detail", "typePayement": "Pret", "montantAchat": 7000}}, {"model": "CommercialSoft.commande", "pk": 21, "fields": {"user": 1, "client": null, "montant": 10000, "remise": 0, "date": "2025-04-28", "typeVente": "detail", "typePayement": "Pret", "montantAchat": 7000}}, {"model": "CommercialSoft.commande", "pk": 22, "fields": {"user": 1, "client": null, "montant": 10000, "remise": 0, "date": "2025-04-28", "typeVente": "detail", "typePayement": "Pret", "montantAchat": 7000}}, {"model": "CommercialSoft.commande", "pk": 23, "fields": {"user": 1, "client": null, "montant": 10000, "remise": 0, "date": "2025-04-28", "typeVente": "detail", "typePayement": "Espece", "montantAchat": 7000}}, {"model": "CommercialSoft.commande", "pk": 24, "fields": {"user": 1, "client": null, "montant": 15000, "remise": 0, "date": "2025-04-28", "typeVente": "detail", "typePayement": "Pret", "montantAchat": 9500}}, {"model": "CommercialSoft.commande", "pk": 25, "fields": {"user": 1, "client": null, "montant": 50000, "remise": 0, "date": "2025-05-18", "typeVente": "detail", "typePayement": "Espece", "montantAchat": 10000}}, {"model": "CommercialSoft.commandeproduit", "pk": 1, "fields": {"produit": 1, "commande": 1, "quantite": 10, "date": "2025-04-11", "prix": 5000}}, {"model": "CommercialSoft.commandeproduit", "pk": 2, "fields": {"produit": 2, "commande": 1, "quantite": 1, "date": "2025-04-11", "prix": 10000}}, {"model": "CommercialSoft.commandeproduit", "pk": 4, "fields": {"produit": 4, "commande": 2, "quantite": 1, "date": "2025-04-11", "prix": 25000}}, {"model": "CommercialSoft.commandeproduit", "pk": 5, "fields": {"produit": 4, "commande": 3, "quantite": 1, "date": "2025-04-11", "prix": 25000}}, {"model": "CommercialSoft.commandeproduit", "pk": 6, "fields": {"produit": 4, "commande": 4, "quantite": 3, "date": "2025-04-11", "prix": 25000}}, {"model": "CommercialSoft.commandeproduit", "pk": 7, "fields": {"produit": 4, "commande": 5, "quantite": 2, "date": "2025-04-11", "prix": 25000}}, {"model": "CommercialSoft.commandeproduit", "pk": 8, "fields": {"produit": 1, "commande": 6, "quantite": 1, "date": "2025-04-14", "prix": 5000}}, {"model": "CommercialSoft.commandeproduit", "pk": 9, "fields": {"produit": 1, "commande": 7, "quantite": 1, "date": "2025-04-28", "prix": 5000}}, {"model": "CommercialSoft.commandeproduit", "pk": 10, "fields": {"produit": 1, "commande": 8, "quantite": 1, "date": "2025-04-28", "prix": 5000}}, {"model": "CommercialSoft.commandeproduit", "pk": 11, "fields": {"produit": 1, "commande": 9, "quantite": 1, "date": "2025-04-28", "prix": 5000}}, {"model": "CommercialSoft.commandeproduit", "pk": 12, "fields": {"produit": 2, "commande": 10, "quantite": 1, "date": "2025-04-28", "prix": 10000}}, {"model": "CommercialSoft.commandeproduit", "pk": 13, "fields": {"produit": 2, "commande": 11, "quantite": 1, "date": "2025-04-28", "prix": 10000}}, {"model": "CommercialSoft.commandeproduit", "pk": 14, "fields": {"produit": 3, "commande": 12, "quantite": 1, "date": "2025-04-28", "prix": 5000}}, {"model": "CommercialSoft.commandeproduit", "pk": 15, "fields": {"produit": 3, "commande": 13, "quantite": 1, "date": "2025-04-28", "prix": 5000}}, {"model": "CommercialSoft.commandeproduit", "pk": 16, "fields": {"produit": 3, "commande": 14, "quantite": 1, "date": "2025-04-28", "prix": 5000}}, {"model": "CommercialSoft.commandeproduit", "pk": 17, "fields": {"produit": 3, "commande": 15, "quantite": 1, "date": "2025-04-28", "prix": 5000}}, {"model": "CommercialSoft.commandeproduit", "pk": 18, "fields": {"produit": 3, "commande": 16, "quantite": 1, "date": "2025-04-28", "prix": 5000}}, {"model": "CommercialSoft.commandeproduit", "pk": 19, "fields": {"produit": 4, "commande": 16, "quantite": 1, "date": "2025-04-28", "prix": 25000}}, {"model": "CommercialSoft.commandeproduit", "pk": 20, "fields": {"produit": 2, "commande": 17, "quantite": 1, "date": "2025-04-28", "prix": 10000}}, {"model": "CommercialSoft.commandeproduit", "pk": 21, "fields": {"produit": 2, "commande": 18, "quantite": 1, "date": "2025-04-28", "prix": 10000}}, {"model": "CommercialSoft.commandeproduit", "pk": 22, "fields": {"produit": 2, "commande": 19, "quantite": 1, "date": "2025-04-28", "prix": 10000}}, {"model": "CommercialSoft.commandeproduit", "pk": 23, "fields": {"produit": 2, "commande": 20, "quantite": 1, "date": "2025-04-28", "prix": 10000}}, {"model": "CommercialSoft.commandeproduit", "pk": 24, "fields": {"produit": 2, "commande": 21, "quantite": 1, "date": "2025-04-28", "prix": 10000}}, {"model": "CommercialSoft.commandeproduit", "pk": 25, "fields": {"produit": 2, "commande": 22, "quantite": 1, "date": "2025-04-28", "prix": 10000}}, {"model": "CommercialSoft.commandeproduit", "pk": 26, "fields": {"produit": 2, "commande": 23, "quantite": 1, "date": "2025-04-28", "prix": 10000}}, {"model": "CommercialSoft.commandeproduit", "pk": 27, "fields": {"produit": 3, "commande": 24, "quantite": 1, "date": "2025-04-28", "prix": 5000}}, {"model": "CommercialSoft.commandeproduit", "pk": 28, "fields": {"produit": 2, "commande": 24, "quantite": 1, "date": "2025-04-28", "prix": 10000}}, {"model": "CommercialSoft.commandeproduit", "pk": 29, "fields": {"produit": 5, "commande": 25, "quantite": 1, "date": "2025-05-18", "prix": 50000}}, {"model": "CommercialSoft.pretclient", "pk": 1, "fields": {"client": 1, "montant": 5000, "date": "2025-04-14", "dateEcheance": "2025-04-30", "payer": "Non", "commande": 6, "user": 1, "commentaire": null}}, {"model": "CommercialSoft.pretclient", "pk": 3, "fields": {"client": 1, "montant": 900000, "date": "2025-04-17", "dateEcheance": "2025-04-17", "payer": "Non", "commande": null, "user": 1, "commentaire": null}}, {"model": "CommercialSoft.versementgerant", "pk": 1, "fields": {"user": 1, "montant": 30000, "date": "2025-04-17"}}, {"model": "CommercialSoft.versementgerant", "pk": 3, "fields": {"user": 2, "montant": 250000, "date": "2025-04-17"}}]